Datetime,Water Level (m)
2025-11-24 06:00:00,0.068139166
2025-11-24 07:00:00,0.39844987
2025-11-24 08:00:00,0.58136445
2025-11-24 09:00:00,0.51056963
2025-11-24 10:00:00,0.23904681
2025-11-24 11:00:00,-0.066986054
2025-11-24 12:00:00,-0.36235592
2025-11-24 13:00:00,-0.62466866
2025-11-24 14:00:00,-0.84668535
2025-11-24 15:00:00,-0.9229191
2025-11-24 16:00:00,-0.6077372
2025-11-24 17:00:00,-0.15451384
2025-11-24 18:00:00,0.36488584
2025-11-24 19:00:00,0.79344845
2025-11-24 20:00:00,1.0639684
2025-11-24 21:00:00,1.037721
2025-11-24 22:00:00,0.74851555
2025-11-24 23:00:00,0.38234612
2025-11-25 00:00:00,0.0253545
2025-11-25 01:00:00,-0.305346
2025-11-25 02:00:00,-0.5716705
2025-11-25 03:00:00,-0.8022812
2025-11-25 04:00:00,-0.87350595
2025-11-25 05:00:00,-0.60611135
2025-11-25 06:00:00,-0.2383139
2025-11-25 07:00:00,0.14666626
2025-11-25 08:00:00,0.46187323
2025-11-25 09:00:00,0.598813
2025-11-25 10:00:00,0.453176
2025-11-25 11:00:00,0.17287867
2025-11-25 12:00:00,-0.12489684
2025-11-25 13:00:00,-0.40986118
2025-11-25 14:00:00,-0.6495392
2025-11-25 15:00:00,-0.832275
2025-11-25 16:00:00,-0.7779194
2025-11-25 17:00:00,-0.433218
2025-11-25 18:00:00,0.011551966
2025-11-25 19:00:00,0.4807797
2025-11-25 20:00:00,0.8513371
2025-11-25 21:00:00,1.051718
2025-11-25 22:00:00,0.95610553
2025-11-25 23:00:00,0.63751435
2025-11-26 00:00:00,0.27255422
2025-11-26 01:00:00,-0.066757746
2025-11-26 02:00:00,-0.373169
2025-11-26 03:00:00,-0.6276589
2025-11-26 04:00:00,-0.8268694
2025-11-26 05:00:00,-0.81126815
2025-11-26 06:00:00,-0.52641267
2025-11-26 07:00:00,-0.17703293
2025-11-26 08:00:00,0.18479101
2025-11-26 09:00:00,0.47099218
2025-11-26 10:00:00,0.5805484
2025-11-26 11:00:00,0.424347
2025-11-26 12:00:00,0.14091691
2025-11-26 13:00:00,-0.15516825
2025-11-26 14:00:00,-0.42398742
2025-11-26 15:00:00,-0.64071363
2025-11-26 16:00:00,-0.79043317
2025-11-26 17:00:00,-0.6792975
2025-11-26 18:00:00,-0.3427189
2025-11-26 19:00:00,0.07002163
2025-11-26 20:00:00,0.48796418
2025-11-26 21:00:00,0.79915607
2025-11-26 22:00:00,0.9396983
2025-11-26 23:00:00,0.79596597
2025-11-27 00:00:00,0.48800784
2025-11-27 01:00:00,0.14683968
2025-11-27 02:00:00,-0.1644717
2025-11-27 03:00:00,-0.4487808
2025-11-27 04:00:00,-0.68050337
2025-11-27 05:00:00,-0.84274465
2025-11-27 06:00:00,-0.77015847
2025-11-27 07:00:00,-0.48861557
2025-11-27 08:00:00,-0.15018934
2025-11-27 09:00:00,0.20757711
2025-11-27 10:00:00,0.5025517
2025-11-27 11:00:00,0.5977699
2025-11-27 12:00:00,0.46160182
2025-11-27 13:00:00,0.1941691
2025-11-27 14:00:00,-0.08768309
2025-11-27 15:00:00,-0.3510163
2025-11-27 16:00:00,-0.5672895
2025-11-27 17:00:00,-0.70783055
2025-11-27 18:00:00,-0.5867535
2025-11-27 19:00:00,-0.27277988
2025-11-27 20:00:00,0.10162041
2025-11-27 21:00:00,0.4637894
2025-11-27 22:00:00,0.72336555
2025-11-27 23:00:00,0.856818
2025-11-28 00:00:00,0.737193
2025-11-28 01:00:00,0.45303494
2025-11-28 02:00:00,0.13413197
2025-11-28 03:00:00,-0.16251588
2025-11-28 04:00:00,-0.44047683
2025-11-28 05:00:00,-0.6750819
2025-11-28 06:00:00,-0.84914285
2025-11-28 07:00:00,-0.7808752
2025-11-28 08:00:00,-0.49335918
2025-11-28 09:00:00,-0.14257453
2025-11-28 10:00:00,0.2345947
2025-11-28 11:00:00,0.55419564
2025-11-28 12:00:00,0.68785524
2025-11-28 13:00:00,0.5749359
2025-11-28 14:00:00,0.31461325
2025-11-28 15:00:00,0.028116053
2025-11-28 16:00:00,-0.2472904
2025-11-28 17:00:00,-0.480204
2025-11-28 18:00:00,-0.63921154
2025-11-28 19:00:00,-0.6046971
2025-11-28 20:00:00,-0.347553
2025-11-28 21:00:00,-0.0023377796
2025-11-28 22:00:00,0.37405702
2025-11-28 23:00:00,0.6728897
2025-11-29 00:00:00,0.81145
2025-11-29 01:00:00,0.71889687
2025-11-29 02:00:00,0.45466736
2025-11-29 03:00:00,0.14520791
2025-11-29 04:00:00,-0.1540035
2025-11-29 05:00:00,-0.44021142
2025-11-29 06:00:00,-0.684381
2025-11-29 07:00:00,-0.8742116
2025-11-29 08:00:00,-0.85391223
2025-11-29 09:00:00,-0.5586066
2025-11-29 10:00:00,-0.16373669
2025-11-29 11:00:00,0.27175033
2025-11-29 12:00:00,0.6405277
2025-11-29 13:00:00,0.82179046
2025-11-29 14:00:00,0.7413528
2025-11-29 15:00:00,0.47798544
2025-11-29 16:00:00,0.16832657
2025-11-29 17:00:00,-0.12724675
2025-11-29 18:00:00,-0.3966976
2025-11-29 19:00:00,-0.61460924
2025-11-29 20:00:00,-0.7139467
2025-11-29 21:00:00,-0.50289285
2025-11-29 22:00:00,-0.15908144
2025-11-29 23:00:00,0.23919757
2025-11-30 00:00:00,0.5855625
2025-11-30 01:00:00,0.7867387
2025-11-30 02:00:00,0.7694209
2025-11-30 03:00:00,0.5270229
2025-11-30 04:00:00,0.20534156
2025-11-30 05:00:00,-0.11726321
2025-11-30 06:00:00,-0.42626897
